ticker,gics_sector_name
1340426D GY Equity,
1654144D SE Equity,Materials
1844030D NA Equity,Consumer Staples
1856607D IM Equity,Consumer Staples
1CNHI IM Equity,Industrials
1COV GY Equity,Materials
2974820Q GY Equity,
926002Q GY Equity,
A2A IM Equity,Utilities
A3M SM Equity,Communication Services
AA/ LN Equity,Consumer Discretionary
AAK SS Equity,Consumer Staples
AAL LN Equity,Materials
AALB NA Equity,Industrials
ABBN SE Equity,Industrials
ABDN LN Equity,Financials
ABF LN Equity,Consumer Staples
ABG/P SM Equity,Industrials
ABI BB Equity,Consumer Staples
ABN NA Equity,Financials
AC FP Equity,Consumer Discretionary
ACA FP Equity,Financials
ACE IM Equity,Utilities
ACKB BB Equity,Industrials
ACLN SE Equity,Industrials
ACS SM Equity,Industrials
ACX SM Equity,Materials
AD NA Equity,Consumer Staples
ADDTB SS Equity,Industrials
ADE NO Equity,Communication Services
ADEN SE Equity,Industrials
ADJ GY Equity,Real Estate
ADM LN Equity,Financials
ADP FP Equity,Industrials
ADS GY Equity,Consumer Discretionary
ADYEN NA Equity,Financials
AED BB Equity,Real Estate
AENA SM Equity,Industrials
AF FP Equity,Industrials
AFB SS Equity,Industrials
AFRY SS Equity,Industrials
AFX GY Equity,Health Care
AG1 GY Equity,Consumer Discretionary
AGFB BB Equity,Health Care
AGK LN Equity,Industrials
AGL IM Equity,Consumer Discretionary
AGN NA Equity,Financials
AGR LN Equity,Real Estate
AGS BB Equity,Financials
AHT LN Equity,Industrials
AI FP Equity,Materials
AIBG ID Equity,Financials
AIR FP Equity,Industrials
AIXA GY Equity,Information Technology
AKAST NO Equity,Energy
AKE FP Equity,Materials
AKRBP NO Equity,Energy
AKSO NO Equity,Energy
AKZA NA Equity,Materials
ALB SM Equity,Financials
ALC SE Equity,Health Care
ALE PW Equity,Consumer Discretionary
ALFA SS Equity,Industrials
ALFEN NA Equity,Industrials
ALIFB SS Equity,Health Care
ALIV SS Equity,Consumer Discretionary
ALKB DC Equity,Health Care
ALLFG NA Equity,Financials
ALLN SE Equity,Real Estate
ALO FP Equity,Industrials
ALPH SE Equity,Utilities
ALPHA GA Equity,Financials
ALT FP Equity,Information Technology
ALT GY Equity,
ALV GY Equity,Financials
AM FP Equity,Industrials
AMBUB DC Equity,Health Care
AMEAS FH Equity,Consumer Discretionary
AMP IM Equity,Health Care
AMS SE Equity,Information Technology
AMS SM Equity,Consumer Discretionary
AMUN FP Equity,Financials
ANA SM Equity,Utilities
ANDR AV Equity,Industrials
ANE SM Equity,Utilities
ANTO LN Equity,Materials
AOX GY Equity,Real Estate
APAM NA Equity,Materials
ARCAD NA Equity,Industrials
ARGX BB Equity,Health Care
ARL GY Equity,Financials
ARO GY Equity,Consumer Discretionary
ARYN SE Equity,Consumer Staples
ASHM LN Equity,Financials
ASM NA Equity,Information Technology
ASML NA Equity,Information Technology
ASRNL NA Equity,Financials
ASSAB SS Equity,Industrials
AT1 GY Equity,Real Estate
ATC NA Equity,Communication Services
ATCOA SS Equity,Industrials
ATE FP Equity,Information Technology
ATL IM Equity,Industrials
ATLN SE Equity,Health Care
ATO FP Equity,Information Technology
ATRS AV Equity,Real Estate
AUTO LN Equity,Communication Services
AUTO NO Equity,Industrials
AV/ LN Equity,Financials
AVOL SE Equity,Consumer Discretionary
AVST LN Equity,Information Technology
AVV LN Equity,Information Technology
AXFO SS Equity,Consumer Staples
AZA SS Equity,Financials
AZE BB Equity,Industrials
AZM IM Equity,Financials
AZN LN Equity,Health Care
B4B GY Equity,Consumer Staples
BA/ LN Equity,Industrials
BAB LN Equity,Industrials
BAER SE Equity,Financials
BAKKA NO Equity,Consumer Staples
BALDB SS Equity,Real Estate
BALN SE Equity,Financials
BAMI IM Equity,Financials
BAMNB NA Equity,Industrials
BANB SE Equity,Health Care
BARC LN Equity,Financials
BARN SE Equity,Consumer Staples
BAS GY Equity,Materials
BATS LN Equity,Consumer Staples
BAVA DC Equity,Health Care
BAYN GY Equity,Health Care
BB FP Equity,Industrials
BBOX LN Equity,Real Estate
BBVA SM Equity,Financials
BBY LN Equity,Industrials
BC IM Equity,Consumer Discretionary
BC8 GY Equity,Information Technology
BCP PL Equity,Financials
BCVN SE Equity,Financials
BDEV LN Equity,Consumer Discretionary
BEAN SE Equity,Industrials
BEFB BB Equity,Real Estate
BEI GY Equity,Consumer Staples
BEIJB SS Equity,Industrials
BEKB BB Equity,Materials
BESI NA Equity,Information Technology
BEZ LN Equity,Financials
BG AV Equity,Financials
BHP LN Equity,Materials
BILL SS Equity,Materials
BIM FP Equity,Health Care
BION SE Equity,Health Care
BIRG ID Equity,Financials
BKG LN Equity,Consumer Discretionary
BKIA SM Equity,Financials
BKT SM Equity,Financials
BKW SE Equity,Utilities
BKWN SE Equity,
BLND LN Equity,Real Estate
BME LN Equity,Consumer Discretionary
BME SM Equity,Financials
BMPS IM Equity,Financials
BMW GY Equity,Consumer Discretionary
BN FP Equity,Consumer Staples
BNB BB Equity,Financials
BNP FP Equity,Financials
BNR GY Equity,Industrials
BNZL LN Equity,Industrials
BOKA NA Equity,Industrials
BOL FP Equity,Communication Services
BOL SS Equity,Materials
BOSS GY Equity,Consumer Discretionary
BOY LN Equity,Industrials
BP/ LN Equity,Energy
BPE IM Equity,Financials
BPOST BB Equity,Industrials
BPSO IM Equity,Financials
BPT LN Equity,Financials
BRBY LN Equity,Consumer Discretionary
BSLN SE Equity,Health Care
BT/A LN Equity,Communication Services
BTG LN Equity,Health Care
BUCN SE Equity,Industrials
BVI FP Equity,Industrials
BVIC LN Equity,Consumer Staples
BWY LN Equity,Consumer Discretionary
BYG LN Equity,Real Estate
BZU IM Equity,Materials
CA FP Equity,Consumer Staples
CABK SM Equity,Financials
CAF FP Equity,Financials
CAP FP Equity,Information Technology
CAPC LN Equity,Real Estate
CARLB DC Equity,Consumer Staples
CASS IM Equity,Financials
CAST SS Equity,Real Estate
CBG LN Equity,Financials
CBK GY Equity,Financials
CCC LN Equity,Information Technology
CCH LN Equity,Consumer Staples
CCL LN Equity,Consumer Discretionary
CDI FP Equity,Consumer Discretionary
CDR PW Equity,Communication Services
CEC GY Equity,Consumer Discretionary
CEPN SE Equity,
CEY LN Equity,Materials
CEZ CK Equity,Utilities
CFR SE Equity,Consumer Discretionary
CGCBV FH Equity,Industrials
CGG FP Equity,Energy
CGL LN Equity,Financials
CHG LN Equity,Industrials
CHR DC Equity,Materials
CHRN SE Equity,
CINE LN Equity,Communication Services
CLDN LN Equity,Financials
CLN SE Equity,Materials
CLNX SM Equity,Communication Services
CLS1 GY Equity,Health Care
CMBN SE Equity,Financials
CNA LN Equity,Utilities
CNE LN Equity,Energy
CNP FP Equity,Financials
CO FP Equity,Consumer Staples
COB LN Equity,Industrials
COFB BB Equity,Real Estate
COK GY Equity,Information Technology
COL SM Equity,Real Estate
COLOB DC Equity,Health Care
COLR BB Equity,Consumer Staples
CON GY Equity,Consumer Discretionary
COTN SE Equity,Information Technology
COV FP Equity,Real Estate
CPG LN Equity,Consumer Discretionary
CPI LN Equity,Industrials
CPR IM Equity,Consumer Staples
CRBN NA Equity,Materials
CRDA LN Equity,Materials
CRG IM Equity,Financials
CRH LN Equity,Materials
CS FP Equity,Financials
CSGN SE Equity,Financials
CSP LN Equity,Consumer Discretionary
CTEC LN Equity,Health Care
CVAL IM Equity,Financials
CWK LN Equity,Consumer Staples
CZZ GY Equity,
DAI GY Equity,Consumer Discretionary
DANSKE DC Equity,Financials
DARK LN Equity,Information Technology
DB1 GY Equity,Financials
DB11 GY Equity,Financials
DBK GY Equity,Financials
DC/ LN Equity,Consumer Discretionary
DCC LN Equity,Industrials
DCG LN Equity,Consumer Staples
DEB LN Equity,Consumer Discretionary
DEC FP Equity,Communication Services
DEMANT DC Equity,Health Care
DEQ GY Equity,Real Estate
DEXB BB Equity,Financials
DG FP Equity,Industrials
DGE LN Equity,Consumer Staples
DHER GY Equity,Consumer Discretionary
DHL GY Equity,Industrials
DIA IM Equity,Health Care
DIA SM Equity,Consumer Staples
DIE BB Equity,Consumer Discretionary
DIM FP Equity,Health Care
DKSH SE Equity,Industrials
DLAR LN Equity,Industrials
DLG GY Equity,Information Technology
DLG LN Equity,Financials
DLN LN Equity,Real Estate
DMGT LN Equity,Communication Services
DMSN SE Equity,
DNB NO Equity,Financials
DNBH NO Equity,Financials
DNORD DC Equity,Industrials
DNP PW Equity,Consumer Staples
DOCS LN Equity,Consumer Discretionary
DOKA SE Equity,Industrials
DOM LN Equity,Consumer Discretionary
DOM SS Equity,Consumer Discretionary
DPB GY Equity,Financials
DPH LN Equity,Health Care
DPLM LN Equity,Industrials
DRI GY Equity,Communication Services
DRX LN Equity,Utilities
DSFIR NA Equity,Materials
DSM NA Equity,Materials
DSV DC Equity,Industrials
DSY FP Equity,Information Technology
DTE GY Equity,Communication Services
DTG GY Equity,Industrials
DUE GY Equity,Industrials
DWL LN Equity,Consumer Discretionary
DWNI GY Equity,Real Estate
EAC DC Equity,Industrials
EBRO SM Equity,Consumer Staples
EBS AV Equity,Financials
ECM LN Equity,Industrials
ECMPA NA Equity,Real Estate
ECV GY Equity,Utilities
EDEN FP Equity,Financials
EDF FP Equity,Utilities
EDP PL Equity,Utilities
EDPR PL Equity,Utilities
EEE GA Equity,Consumer Staples
EFGN SE Equity,Financials
EIG LN Equity,Consumer Discretionary
EKTAB SS Equity,Health Care
EL FP Equity,Health Care
ELE SM Equity,Utilities
ELI BB Equity,Utilities
ELIOR FP Equity,Consumer Discretionary
ELIS FP Equity,Industrials
ELISA FH Equity,Communication Services
ELM LN Equity,Materials
ELUXB SS Equity,Consumer Discretionary
EMBRACB SS Equity,Communication Services
EMG LN Equity,Financials
EMSN SE Equity,Materials
EN FP Equity,Industrials
ENEL IM Equity,Utilities
ENG SM Equity,Utilities
ENGI FP Equity,Utilities
ENI IM Equity,Energy
ENOG LN Equity,Energy
ENR GY Equity,Industrials
ENRO SS Equity,Communication Services
ENT LN Equity,Consumer Discretionary
ENTRA NO Equity,Real Estate
ENX FP Equity,Financials
EOAN GY Equity,Utilities
EPC GY Equity,
EPIA SS Equity,Industrials
EQNR NO Equity,Energy
EQT SS Equity,Financials
ERA FP Equity,Materials
ERF FP Equity,Health Care
ERICB SS Equity,Information Technology
ESNT LN Equity,Materials
ESSITYB SS Equity,Consumer Staples
ETE GA Equity,Financials
ETL FP Equity,Communication Services
EURN BB Equity,Energy
EUROB GA Equity,Financials
EVD GY Equity,Communication Services
EVK GY Equity,Materials
EVO SS Equity,Consumer Discretionary
EVR LN Equity,Materials
EVT GY Equity,Health Care
EXO IM Equity,Financials
EXO NA Equity,Financials
EXPN LN Equity,Industrials
EXR LN Equity,Information Technology
EZJ LN Equity,Industrials
FABG SS Equity,Real Estate
FAE SM Equity,Health Care
FBK IM Equity,Financials
FCC SM Equity,Industrials
FDJ FP Equity,Consumer Discretionary
FDR SM Equity,Industrials
FER SM Equity,Industrials
FERG LN Equity,Industrials
FGP LN Equity,Industrials
FGR FP Equity,Industrials
FHZN SE Equity,Industrials
FINGB SS Equity,Information Technology
FLS DC Equity,Industrials
FLTR LN Equity,Consumer Discretionary
FME GY Equity,Health Care
FNOX SS Equity,Information Technology
FNTN GY Equity,Communication Services
FORTUM FH Equity,Utilities
FP FP Equity,Energy
FPE3 GY Equity,Materials
FR FP Equity,Consumer Discretionary
FRA GY Equity,Industrials
FRAS LN Equity,Consumer Discretionary
FRE GY Equity,Health Care
FRE3 GY Equity,Health Care
FRES LN Equity,Materials
FRO NO Equity,Energy
FRVIA FP Equity,Consumer Discretionary
FTI FP Equity,Energy
FUR NA Equity,Industrials
FUTR LN Equity,Communication Services
G IM Equity,Financials
G1A GY Equity,Industrials
G24 GY Equity,Communication Services
GALD SE Equity,Health Care
GALE SE Equity,Health Care
GALP PL Equity,Energy
GAM SE Equity,Financials
GAW LN Equity,Consumer Discretionary
GBB FP Equity,Energy
GBF GY Equity,Industrials
GBLB BB Equity,Financials
GCC ID Equity,Consumer Staples
GE1 GY Equity,
GEBN SE Equity,Industrials
GENL LN Equity,Energy
GET FP Equity,Industrials
GETIB SS Equity,Health Care
GF SE Equity,Industrials
GFC FP Equity,Real Estate
GFS LN Equity,Industrials
GFTU LN Equity,Industrials
GIB GY Equity,Real Estate
GIVN SE Equity,Materials
GJF NO Equity,Financials
GLB ID Equity,Consumer Staples
GLE FP Equity,Financials
GLEN LN Equity,Materials
GLJ GY Equity,Financials
GLPG NA Equity,Health Care
GMAB DC Equity,Health Care
GN DC Equity,Consumer Discretionary
GNK LN Equity,Consumer Discretionary
GNS LN Equity,Health Care
GPOR LN Equity,Real Estate
GRF SM Equity,Health Care
GRG LN Equity,Consumer Discretionary
GRI LN Equity,Real Estate
GSK LN Equity,Health Care
GTO NA Equity,Information Technology
GTT FP Equity,Energy
GXI GY Equity,Health Care
GYC GY Equity,Real Estate
HAS LN Equity,Industrials
HBR LN Equity,Energy
HDD GY Equity,Industrials
HEI GY Equity,Materials
HEIA NA Equity,Consumer Staples
HEIO NA Equity,Consumer Staples
HELN SE Equity,Financials
HEM SS Equity,Communication Services
HEN3 GY Equity,Consumer Staples
HER IM Equity,Utilities
HEXAB SS Equity,Information Technology
HFD LN Equity,Consumer Discretionary
HFG GY Equity,Consumer Staples
HIK LN Equity,Health Care
HL/ LN Equity,Financials
HLE GY Equity,Consumer Discretionary
HLMA LN Equity,Information Technology
HLN LN Equity,Consumer Staples
HMB SS Equity,Consumer Discretionary
HMSO LN Equity,Real Estate
HNR1 GY Equity,Financials
HO FP Equity,Industrials
HOLMB SS Equity,Materials
HOLN SE Equity,Materials
HOT GY Equity,Industrials
HPOLB SS Equity,Materials
HRX GY Equity,
HSBA LN Equity,Financials
HSV LN Equity,Industrials
HSX LN Equity,Financials
HTG LN Equity,Energy
HTO GA Equity,Communication Services
HTRO SS Equity,Industrials
HUFVA SS Equity,Real Estate
HUH1V FH Equity,Materials
HUSQB SS Equity,Industrials
HVM GY Equity,
HWDN LN Equity,Industrials
IAG LN Equity,Industrials
IBE SM Equity,Utilities
ICA SS Equity,Consumer Staples
ICAD FP Equity,Real Estate
ICG LN Equity,Financials
IDIA SE Equity,Health Care
IDR SM Equity,Information Technology
IDS LN Equity,Industrials
IFCN SE Equity,Information Technology
IFX GY Equity,Information Technology
IG IM Equity,Utilities
IGG LN Equity,Financials
IGY GY Equity,Utilities
IHG LN Equity,Consumer Discretionary
IIA AV Equity,Real Estate
III LN Equity,Financials
IL0A ID Equity,Financials
ILD FP Equity,Communication Services
IMB LN Equity,Consumer Staples
IMCD NA Equity,Industrials
IMI LN Equity,Industrials
INCH LN Equity,Consumer Discretionary
INDT SS Equity,Industrials
INDUA SS Equity,Financials
INDUC SS Equity,Financials
INDV LN Equity,Health Care
INF LN Equity,Communication Services
ING FP Equity,Information Technology
INGA NA Equity,Financials
INM ID Equity,Communication Services
INPST NA Equity,Industrials
INRN SE Equity,Industrials
INTRK GA Equity,Industrials
INTRUM SS Equity,Industrials
INTU LN Equity,Real Estate
INVEB SS Equity,Financials
INVP LN Equity,Financials
INW IM Equity,Communication Services
IOL IM Equity,Communication Services
IP IM Equity,Industrials
IPF LN Equity,Financials
IPN FP Equity,Health Care
IPS FP Equity,Communication Services
IRV LN Equity,Industrials
ISAT LN Equity,Communication Services
ISP IM Equity,Financials
ISS DC Equity,Industrials
ITRK LN Equity,Industrials
ITV LN Equity,Communication Services
ITX SM Equity,Consumer Discretionary
IVG GY Equity,Real Estate
IVG IM Equity,Industrials
IWG LN Equity,Real Estate
JD/ LN Equity,Consumer Discretionary
JDEP NA Equity,Consumer Staples
JDW LN Equity,Consumer Discretionary
JE/ LN Equity,Consumer Discretionary
JLT LN Equity,Financials
JM SS Equity,Consumer Discretionary
JMAT LN Equity,Materials
JMT PL Equity,Consumer Staples
JUP LN Equity,Financials
JYSK DC Equity,Financials
KAZ LN Equity,Materials
KBC BB Equity,Financials
KBCA BB Equity,Financials
KBX GY Equity,Industrials
KCO GY Equity,Industrials
KCR FH Equity,Industrials
KD8 GY Equity,Communication Services
KEMIRA FH Equity,Materials
KER FP Equity,Consumer Discretionary
KESKOB FH Equity,Consumer Staples
KGF LN Equity,Consumer Discretionary
KGH PW Equity,Materials
KGX GY Equity,Industrials
KINDSDB SS Equity,Consumer Discretionary
KINVB SS Equity,Financials
KMR ID Equity,Materials
KN FP Equity,Financials
KNEBV FH Equity,Industrials
KNIN SE Equity,Industrials
KOG NO Equity,Industrials
KOJAMO FH Equity,Real Estate
KOMB CK Equity,Financials
KPN NA Equity,Communication Services
KSP ID Equity,Industrials
KUD SE Equity,Information Technology
KYG ID Equity,Consumer Staples
KYGA ID Equity,Consumer Staples
LAGRB SS Equity,Information Technology
LAND LN Equity,Real Estate
LATOB SS Equity,Industrials
LDO IM Equity,Industrials
LEG GY Equity,Real Estate
LEO GY Equity,Consumer Discretionary
LGEN LN Equity,Financials
LHA GY Equity,Industrials
LI FP Equity,Real Estate
LIFCOB SS Equity,Industrials
LIGHT NA Equity,Industrials
LIN GY Equity,Materials
LINU GY Equity,Materials
LISN SE Equity,Consumer Staples
LISP SE Equity,Consumer Staples
LLOY LN Equity,Financials
LMI LN Equity,Materials
LMP LN Equity,Real Estate
LNA GY Equity,Materials
LOCAL FP Equity,Communication Services
LOGN SE Equity,Information Technology
LONN SE Equity,Health Care
LOOMIS SS Equity,Industrials
LOTB BB Equity,Consumer Staples
LPP PW Equity,Consumer Discretionary
LR FP Equity,Industrials
LRE LN Equity,Financials
LSEG LN Equity,Financials
LUN DC Equity,Health Care
LUNDB SS Equity,Financials
LUX IM Equity,Consumer Discretionary
LXI LN Equity,Real Estate
LXS GY Equity,Materials
MAB LN Equity,Consumer Discretionary
MAERSKB DC Equity,Industrials
MAN GY Equity,Industrials
MAP SM Equity,Financials
MARS LN Equity,Consumer Discretionary
MAS SM Equity,Communication Services
MASN SE Equity,Information Technology
MAU FP Equity,Energy
MB IM Equity,Financials
MBG GY Equity,Consumer Discretionary
MBTN SE Equity,Information Technology
MC FP Equity,Consumer Discretionary
MCRO LN Equity,Information Technology
MDC LN Equity,Health Care
MDN GY Equity,Consumer Discretionary
MERL LN Equity,Consumer Discretionary
METSB FH Equity,Materials
METSO FH Equity,Industrials
MF FP Equity,Financials
MGGT LN Equity,Industrials
MGN NO Equity,Energy
MIG GA Equity,Financials
MIPS SS Equity,Consumer Discretionary
MKS LN Equity,Consumer Staples
ML FP Equity,Consumer Discretionary
MLP GY Equity,Financials
MMB FP Equity,Communication Services
MMT FP Equity,Communication Services
MN IM Equity,Communication Services
MNDI LN Equity,Materials
MNG LN Equity,Financials
MOBN SE Equity,Real Estate
MONC IM Equity,Consumer Discretionary
MONY LN Equity,Communication Services
MOR GY Equity,Health Care
MOWI NO Equity,Consumer Staples
MRK GY Equity,Health Care
MRL SM Equity,Real Estate
MRO LN Equity,Industrials
MRW LN Equity,Consumer Staples
MS IM Equity,Communication Services
MT NA Equity,Materials
MTGB SS Equity,Communication Services
MTO LN Equity,Industrials
MTRO LN Equity,Financials
MTRS SS Equity,Industrials
MTX GY Equity,Industrials
MUV2 GY Equity,Financials
MYCR SS Equity,Information Technology
NCCB SS Equity,Industrials
NDA FH Equity,Financials
NDA GY Equity,Materials
NDA SS Equity,Financials
NEL NO Equity,Industrials
NELES FH Equity,Industrials
NEM GY Equity,Information Technology
NENTB SS Equity,Communication Services
NEOEN FP Equity,Utilities
NESN SE Equity,Consumer Staples
NESTE FH Equity,Energy
NETC DC Equity,Information Technology
NETW LN Equity,Information Technology
NEX FP Equity,Industrials
NEX LN Equity,Industrials
NEXI IM Equity,Financials
NG/ LN Equity,Utilities
NHH SM Equity,Consumer Discretionary
NHY NO Equity,Materials
NIBEB SS Equity,Industrials
NK FP Equity,Materials
NKT DC Equity,Industrials
NMC LN Equity,Health Care
NN NA Equity,Financials
NOBE SE Equity,Health Care
NOBN SE Equity,Health Care
NOD NO Equity,Information Technology
NOKIA FH Equity,Information Technology
NOS PL Equity,Communication Services
NOVN SE Equity,Health Care
NOVOB DC Equity,Health Care
NSISB DC Equity,Materials
NTGY SM Equity,Utilities
NWG LN Equity,Financials
NXT LN Equity,Consumer Discretionary
NYR BB Equity,Materials
O2D GY Equity,Communication Services
OBEL BB Equity,Communication Services
OCDO LN Equity,Consumer Staples
OCE NA Equity,
OCI NA Equity,Materials
OERL SE Equity,Industrials
OMU LN Equity,Financials
OMV AV Equity,Energy
ONT LN Equity,Health Care
ONTEX BB Equity,Consumer Staples
OPAP GA Equity,Consumer Discretionary
OPHR LN Equity,Energy
OR FP Equity,Consumer Staples
ORA FP Equity,Communication Services
ORK NO Equity,Consumer Staples
ORNBV FH Equity,Health Care
ORP FP Equity,Health Care
ORRON SS Equity,Utilities
ORSTED DC Equity,Utilities
OSB LN Equity,Financials
OSR GY Equity,Industrials
OUT1V FH Equity,Materials
OXUR BB Equity,Health Care
P911 GY Equity,Consumer Discretionary
PAGE LN Equity,Industrials
PAH3 GY Equity,Consumer Discretionary
PARG SE Equity,Financials
PEO PW Equity,Financials
PFC LN Equity,Energy
PFD LN Equity,Consumer Staples
PFG LN Equity,Financials
PGHN SE Equity,Financials
PGN PW Equity,Energy
PGS NO Equity,Energy
PHAR LN Equity,Energy
PHIA NA Equity,Health Care
PHNX LN Equity,Financials
PHP LN Equity,Real Estate
PHR PL Equity,Communication Services
PIRC IM Equity,Consumer Discretionary
PKN PW Equity,Energy
PKO PW Equity,Financials
PNDORA DC Equity,Consumer Discretionary
PNL NA Equity,Industrials
PNN LN Equity,Utilities
POG LN Equity,Materials
POLY LN Equity,Materials
POM FP Equity,Consumer Discretionary
POST AV Equity,Industrials
PPC GA Equity,Utilities
PPHN SE Equity,
PROX BB Equity,Communication Services
PRS NO Equity,Energy
PRS SM Equity,Communication Services
PRU LN Equity,Financials
PRX NA Equity,Consumer Discretionary
PRY IM Equity,Industrials
PSM GY Equity,Communication Services
PSN LN Equity,Consumer Discretionary
PSON LN Equity,Consumer Discretionary
PSPN SE Equity,Real Estate
PST IM Equity,Financials
PTEC LN Equity,Consumer Discretionary
PUB FP Equity,Communication Services
PUM GY Equity,Consumer Discretionary
PWTN SE Equity,Industrials
PZC LN Equity,Consumer Staples
PZU PW Equity,Financials
QCE GY Equity,Information Technology
QDT FP Equity,Information Technology
QIA GY Equity,Health Care
QLT LN Equity,Financials
QQ/ LN Equity,Industrials
QTCOM FH Equity,Information Technology
RAA GY Equity,Industrials
RACE IM Equity,Consumer Discretionary
RAND NA Equity,Industrials
RATOB SS Equity,Financials
RBI AV Equity,Financials
RBREW DC Equity,Consumer Staples
RCH LN Equity,Communication Services
RCO FP Equity,Consumer Staples
RCS IM Equity,Communication Services
RDSA LN Equity,Energy
RDSA NA Equity,Energy
RDW LN Equity,Consumer Discretionary
REC IM Equity,Health Care
RECSI NO Equity,Information Technology
RED SM Equity,Utilities
REE SM Equity,Utilities
REL LN Equity,Industrials
REP SM Equity,Energy
REY IM Equity,Information Technology
RF FP Equity,Financials
RHK GY Equity,Health Care
RHM GY Equity,Industrials
RI FP Equity,Consumer Staples
RIEN SE Equity,Industrials
RILBA DC Equity,Financials
RIO LN Equity,Materials
RKT LN Equity,Consumer Staples
RMG LN Equity,Industrials
RMS FP Equity,Consumer Discretionary
RMV LN Equity,Communication Services
RNK LN Equity,Consumer Discretionary
RNO FP Equity,Consumer Discretionary
ROCKB DC Equity,Industrials
ROG SE Equity,Health Care
ROO LN Equity,Consumer Discretionary
ROR LN Equity,Industrials
ROSE SE Equity,Consumer Staples
RPC LN Equity,Materials
RR/ LN Equity,Industrials
RRS LN Equity,Materials
RRTL GY Equity,Communication Services
RS1 LN Equity,Industrials
RSA LN Equity,Financials
RTL BB Equity,Communication Services
RTL LX Equity,Communication Services
RTN LN Equity,Consumer Discretionary
RTO LN Equity,Industrials
RUI FP Equity,Utilities
RWE GY Equity,Utilities
RXL FP Equity,Industrials
RYA ID Equity,Industrials
SAA1V FH Equity,Communication Services
SAABB SS Equity,Industrials
SAB SM Equity,Financials
SAE GY Equity,Consumer Staples
SAF FP Equity,Industrials
SAFE LN Equity,Real Estate
SAGA LN Equity,Financials
SAGAB SS Equity,Real Estate
SALM NO Equity,Consumer Staples
SAMPO FH Equity,Financials
SAN FP Equity,Health Care
SAN SM Equity,Financials
SAND SS Equity,Industrials
SAP GY Equity,Information Technology
SAVE SS Equity,Financials
SAZ GY Equity,Health Care
SBBB SS Equity,Real Estate
SBMO NA Equity,Energy
SBRY LN Equity,Consumer Staples
SCAB SS Equity,Materials
SCATC NO Equity,Utilities
SCH GY Equity,
SCHA NO Equity,Communication Services
SCHP SE Equity,Industrials
SCMN SE Equity,Communication Services
SCR FP Equity,Financials
SCT LN Equity,Information Technology
SCYR SM Equity,Industrials
SDF GY Equity,Materials
SDR LN Equity,Financials
SDZ SE Equity,Health Care
SEBA SS Equity,Financials
SECTB SS Equity,Health Care
SECUB SS Equity,Industrials
SESG FP Equity,Communication Services
SEV FP Equity,Utilities
SFOR LN Equity,Communication Services
SFSN SE Equity,Industrials
SFZN SE Equity,Health Care
SGC LN Equity,Industrials
SGE LN Equity,Information Technology
SGL GY Equity,Industrials
SGO FP Equity,Industrials
SGRE SM Equity,Industrials
SGRO LN Equity,Real Estate
SGSN SE Equity,Industrials
SHA GY Equity,Consumer Discretionary
SHB LN Equity,Real Estate
SHBA SS Equity,Financials
SHEL LN Equity,Energy
SHELL NA Equity,Energy
SHI LN Equity,Industrials
SHL GY Equity,Health Care
SHP LN Equity,Health Care
SIE GY Equity,Industrials
SIG LN Equity,Industrials
SIGN SE Equity,Materials
SIKA SE Equity,Materials
SIM DC Equity,Information Technology
SINCH SS Equity,Information Technology
SK FP Equity,Consumer Discretionary
SKAB SS Equity,Industrials
SKFB SS Equity,Industrials
SKG ID Equity,Materials
SKYD GY Equity,Communication Services
SLA LN Equity,Financials
SLHN SE Equity,Financials
SMDS LN Equity,Materials
SMIN LN Equity,Industrials
SMWH LN Equity,Consumer Discretionary
SN/ LN Equity,Health Care
SNG GY Equity,Industrials
SNH GY Equity,Consumer Discretionary
SNI NO Equity,Industrials
SOBI SS Equity,Health Care
SOF BB Equity,Financials
SOI FP Equity,Information Technology
SOLB BB Equity,Materials
SON PL Equity,Consumer Staples
SOON SE Equity,Health Care
SOP FP Equity,Information Technology
SOW GY Equity,Information Technology
SPIE FP Equity,Industrials
SPL PW Equity,Financials
SPM IM Equity,Energy
SPR GY Equity,Communication Services
SPSN SE Equity,Real Estate
SPT LN Equity,Information Technology
SPX LN Equity,Industrials
SQN SE Equity,Financials
SRAIL SE Equity,Industrials
SRCG SE Equity,Communication Services
SREN SE Equity,Financials
SRG IM Equity,Utilities
SRP LN Equity,Industrials
SRS IM Equity,Energy
SRT3 GY Equity,Health Care
SRZ GY Equity,
SSABA SS Equity,Materials
SSABB SS Equity,Materials
SSE LN Equity,Utilities
SSPG LN Equity,Consumer Discretionary
STAN LN Equity,Financials
STB NO Equity,Financials
STERV FH Equity,Materials
STJ LN Equity,Financials
STLAM IM Equity,Consumer Discretionary
STM FP Equity,Information Technology
STMMI IM Equity,Information Technology
STMN SE Equity,Health Care
STORB SS Equity,Industrials
STR AV Equity,Industrials
SU FP Equity,Industrials
SUBC NO Equity,Energy
SUN SE Equity,Industrials
SVITZR DC Equity,Industrials
SVT LN Equity,Utilities
SW FP Equity,Consumer Discretionary
SWECB SS Equity,Industrials
SWEDA SS Equity,Financials
SWMA SS Equity,Consumer Staples
SWON SE Equity,Information Technology
SWVK GY Equity,Information Technology
SXS LN Equity,Information Technology
SY1 GY Equity,Materials
SYDB DC Equity,Financials
SYENS BB Equity,Materials
SYNN SE Equity,Materials
SYST SE Equity,
SZG GY Equity,Materials
SZU GY Equity,Consumer Staples
TALK LN Equity,Communication Services
TATE LN Equity,Consumer Staples
TCAP LN Equity,Financials
TCG LN Equity,Consumer Discretionary
TCH FP Equity,Communication Services
TCHNR FP Equity,Information Technology
TE FP Equity,Energy
TECN SE Equity,Health Care
TEF SM Equity,Communication Services
TEG GY Equity,Real Estate
TEL NO Equity,Communication Services
TEL2B SS Equity,Communication Services
TELIA SS Equity,Communication Services
TELL GA Equity,Financials
TEMN SE Equity,Information Technology
TEN IM Equity,Energy
TEP FP Equity,Industrials
TFI FP Equity,Communication Services
TGM GY Equity,Industrials
TGS NO Equity,Energy
THG LN Equity,Consumer Discretionary
THULE SS Equity,Consumer Discretionary
TIETO FH Equity,Information Technology
TIGO SS Equity,Communication Services
TIS IM Equity,Communication Services
TIT IM Equity,Communication Services
TITK GA Equity,Materials
TKA AV Equity,Communication Services
TKA GY Equity,Materials
TKWY NA Equity,Consumer Discretionary
TL5 SM Equity,Communication Services
TLW LN Equity,Energy
TLX GY Equity,Financials
TMV GY Equity,Information Technology
TNET BB Equity,Communication Services
TOD IM Equity,Consumer Discretionary
TOM NO Equity,Industrials
TOM2 NA Equity,Information Technology
TOP DC Equity,Financials
TPEIR GA Equity,Financials
TPK LN Equity,Industrials
TRE SM Equity,Energy
TRELB SS Equity,Industrials
TRN IM Equity,Utilities
TRN LN Equity,Consumer Discretionary
TRYG DC Equity,Financials
TSCO LN Equity,Consumer Staples
TTE FP Equity,Energy
TUI LN Equity,Consumer Discretionary
TUI1 GY Equity,Consumer Discretionary
TW/ LN Equity,Consumer Discretionary
TYRES FH Equity,Consumer Discretionary
UBI FP Equity,Communication Services
UBI IM Equity,Financials
UBSG SE Equity,Financials
UBSN SE Equity,Financials
UCB BB Equity,Health Care
UCG IM Equity,Financials
UDG LN Equity,Health Care
UG FP Equity,Consumer Discretionary
UHR SE Equity,Consumer Discretionary
ULE LN Equity,Industrials
ULVR LN Equity,Consumer Staples
UMG NA Equity,Communication Services
UMI BB Equity,Materials
UN01 GY Equity,Utilities
UNAT NA Equity,Consumer Staples
UNI IM Equity,Financials
UPM FH Equity,Materials
URW FP Equity,Real Estate
US IM Equity,Financials
UTDI GY Equity,Communication Services
UTG LN Equity,Real Estate
UU/ LN Equity,Utilities
VACN SE Equity,Industrials
VALMT FH Equity,Industrials
VALN SE Equity,Consumer Discretionary
VAR NO Equity,Energy
VAR1 GY Equity,Industrials
VATN SE Equity,Financials
VCT LN Equity,Materials
VER AV Equity,Utilities
VID SM Equity,Materials
VIE FP Equity,Utilities
VIFN SE Equity,Health Care
VIG AV Equity,Financials
VIS SM Equity,Consumer Staples
VITR SS Equity,Health Care
VIV FP Equity,Communication Services
VK FP Equity,Energy
VMUK LN Equity,Financials
VNA GY Equity,Real Estate
VOD LN Equity,Communication Services
VOE AV Equity,Materials
VOLCARB SS Equity,Consumer Discretionary
VOLVB SS Equity,Industrials
VOW GY Equity,Consumer Discretionary
VOW3 GY Equity,Consumer Discretionary
VPBN SE Equity,Financials
VPK NA Equity,Energy
VPLAYB SS Equity,Communication Services
VRLA FP Equity,Materials
VSVS LN Equity,Industrials
VTWR GY Equity,Communication Services
VTY LN Equity,Consumer Discretionary
VWS DC Equity,Industrials
WAD3 GY Equity,
WAF GY Equity,Information Technology
WALLB SS Equity,Real Estate
WCH GY Equity,Materials
WCMK GY Equity,Real Estate
WDI GY Equity,Information Technology
WDP BB Equity,Real Estate
WEIR LN Equity,Industrials
WG/ LN Equity,Energy
WHA NA Equity,Real Estate
WIE AV Equity,Materials
WIHL SS Equity,Real Estate
WIN GY Equity,Information Technology
WISE LN Equity,Financials
WIZZ LN Equity,Industrials
WKL NA Equity,Industrials
WLN FP Equity,Financials
WMH LN Equity,Consumer Discretionary
WOSG LN Equity,Consumer Discretionary
WPP LN Equity,Communication Services
WRT1V FH Equity,Industrials
WTB LN Equity,Consumer Discretionary
YAR NO Equity,Materials
YIT FH Equity,Consumer Discretionary
ZAL GY Equity,Consumer Discretionary
ZEAL DC Equity,Health Care
ZOT SM Equity,Industrials
ZURN SE Equity,Financials
